entity_id,entity_label,rare_variant_support
ENSG00000168539,CHRM1,0.003867
ENSG00000180720,CHRM4,0.008879
ENSG00000184845,DRD1,0.007088
ENSG00000149295,DRD2,0.000000
ENSG00000164082,GRM2,0.003927
ENSG00000198822,GRM3,0.000000
ENSG00000178394,HTR1A,0.000000
ENSG00000102468,HTR2A,0.003878
ENSG00000196517,SLC6A9,0.000000
ENSG00000146399,TAAR1,0.000000
