entity_id,entity_label,generic_platform_baseline
ENSG00000168539,CHRM1,0.538465375546551
ENSG00000180720,CHRM4,0.417558025163846
ENSG00000184845,DRD1,0.507539097817274
ENSG00000149295,DRD2,0.732020595639183
ENSG00000164082,GRM2,0.332608472886788
ENSG00000198822,GRM3,0.583520144519876
ENSG00000174748,HTR1A,0.0292979297472259
ENSG00000102468,HTR2A,0.630859696313663
ENSG00000196517,SLC6A9,0.401465026552174
