{
  "baseline_overlap": {
    "generic_only": [
      "ENSG00000138821",
      "ENSG00000180720",
      "ENSG00000183117",
      "ENSG00000196628"
    ],
    "generic_overlap": 0.8,
    "naive_only": [
      "ENSG00000138821",
      "ENSG00000183117"
    ],
    "naive_overlap": 0.6,
    "reference_top_n": 20
  },
  "gene": {
    "leave_one_out_overlaps": {
      "cell_state_support": 0.95,
      "common_variant_support": 0.95,
      "developmental_regulatory_support": 0.9,
      "rare_variant_support": 0.95,
      "tractability_compoundability": 0.9
    },
    "leave_one_out_top10_ejections": {
      "cell_state_support": 0,
      "common_variant_support": 0,
      "developmental_regulatory_support": 0,
      "rare_variant_support": 0,
      "tractability_compoundability": 2
    },
    "pass_condition": true,
    "perturbation_overlaps": [
      1.0,
      1.0,
      1.0,
      1.0,
      1.0,
      1.0,
      0.95,
      1.0,
      1.0,
      0.95
    ],
    "survival_rates": {
      "ENSG00000065609": 0.9333333333333333,
      "ENSG00000099381": 1.0,
      "ENSG00000105866": 0.9333333333333333,
      "ENSG00000109572": 1.0,
      "ENSG00000117020": 1.0,
      "ENSG00000140564": 1.0,
      "ENSG00000145864": 1.0,
      "ENSG00000149295": 0.9333333333333333,
      "ENSG00000151067": 1.0,
      "ENSG00000155511": 1.0,
      "ENSG00000157103": 1.0,
      "ENSG00000164588": 1.0,
      "ENSG00000165995": 0.9333333333333333,
      "ENSG00000167978": 1.0,
      "ENSG00000168959": 0.9333333333333333,
      "ENSG00000170396": 1.0,
      "ENSG00000179915": 0.9333333333333333,
      "ENSG00000183454": 1.0,
      "ENSG00000189056": 0.8,
      "ENSG00000198822": 1.0
    }
  },
  "module": {
    "leave_one_out_overlaps": {
      "cell_state_specificity": 1.0,
      "developmental_regulatory_relevance": 1.0,
      "member_gene_genetic_enrichment": 1.0
    },
    "leave_one_out_top10_ejections": {
      "cell_state_specificity": 0,
      "developmental_regulatory_relevance": 0,
      "member_gene_genetic_enrichment": 0
    },
    "pass_condition": true,
    "perturbation_overlaps": [
      1.0,
      1.0,
      1.0,
      1.0,
      1.0,
      1.0
    ],
    "survival_rates": {
      "psychencode:chandelier": 1.0,
      "psychencode:l2_3_it": 1.0,
      "psychencode:l4_it": 1.0,
      "psychencode:l5_6_np": 1.0,
      "psychencode:l5_it": 1.0,
      "psychencode:l6_ct": 1.0,
      "psychencode:l6_it": 1.0,
      "psychencode:l6_it_car3": 1.0,
      "psychencode:l6b": 1.0,
      "psychencode:lamp5": 1.0,
      "psychencode:lamp5_lhx6": 1.0,
      "psychencode:opc": 1.0,
      "psychencode:pvalb": 1.0,
      "psychencode:sncg": 1.0,
      "psychencode:sst": 1.0,
      "psychencode:vip": 1.0
    }
  }
}
